Cluster,Recency,Frequency,Monetary
0,1.0,8.957709824333117,4908.996936239428
1,1.0,1.7008211353088183,479.1433784362728
